[
  {
    "entry_id": 227,
    "event_id": "RU_REACTION_SOCIAL_SECULAR_CELEB",
    "event_name": "Светские / Публичные торжества и празднования (в честь побед, событий)",
    "event_subtype_custom": null,
    "description": "Автор отмечает, что в Вологде праздновали победу над венграми, включая молебствие, что указывает на общественные торжества в честь подавления Венгерского восстания 1848-1849 гг. российскими войсками.",
    "date_in_text": null,
    "source_date": "1849-08-21",
    "location": "Вологда",
    "location_normalized": "Вологда",
    "brief_context": "Российская империя в 1849 году подавила Венгерское восстание, что стало частью общеевропейской волны контрреволюционных действий и укрепило позиции Николая I как «жандарма Европы».",
    "information_source": "Личные наблюдения автора",
    "information_source_type": "Личные наблюдения и опыт автора",
    "confidence": "High",
    "classification_confidence": "High",
    "keywords": [
      "Венгрия",
      "празднование",
      "молебен",
      "победа",
      "Вологда"
    ],
    "text_fragment": "Нынешний день в Вологде праздновали победу над венграми, было молебствие, я в соборе не был, не удалось, завтра высокоторжественный день коронации, так в собор надобно отправиться."
  }
]