[
  {
    "entry_id": 122,
    "event_id": "RU_REACTION_INTERNAL_EDU",
    "event_name": "Усиление контроля над образованием",
    "event_subtype_custom": null,
    "description": "Автор упоминает слухи о предстоящей реформе гимназии, связанной с разделением старших классов на факультеты, что может отражать усилия российских властей по модернизации системы образования в ответ на революционные события в Европе.",
    "date_in_text": null,
    "source_date": "1849-05-03",
    "location": "Вологда",
    "location_normalized": "Вологда",
    "brief_context": "В 1848-1849 гг. российское правительство усилило внимание к образованию как инструменту противодействия либеральным и революционным идеям, распространяющимся в Европе.",
    "information_source": "Разговоры в гимназии",
    "information_source_type": "Неофициальные сведения (слухи, разговоры в обществе)",
    "confidence": "High",
    "classification_confidence": "High",
    "keywords": [
      "гимназия",
      "реформа образования",
      "факультеты",
      "переворот"
    ],
    "text_fragment": "а говорят на будущий год будет переворот большой, разделение старших трех классов на два факультета по этой причине"
  },
  {
    "entry_id": 122,
    "event_id": "RU_REACTION_FOREIGN_RECRUIT",
    "event_name": "Рекрутские наборы (связанные с войной)",
    "event_subtype_custom": null,
    "description": "Упоминание о повторном призыве отпускных солдат и предположении о начале войны указывает на подготовку российских властей к военным действиям, вероятно, связанным с подавлением революционных движений в Европе.",
    "date_in_text": null,
    "source_date": "1849-05-03",
    "location": "Вологодская губерния",
    "location_normalized": "Вологодская губерния",
    "brief_context": "В 1849 г. Россия активно участвовала в подавлении Венгерского восстания, что требовало мобилизации войск и рекрутских наборов.",
    "information_source": "Слухи",
    "information_source_type": "Неофициальные сведения (слухи, разговоры в обществе)",
    "confidence": "High",
    "classification_confidence": "High",
    "keywords": [
      "рекрутский набор",
      "война",
      "солдаты",
      "мобилизация"
    ],
    "text_fragment": "остальных всех бессрочно отпускных солдат требуют под ружье, поговаривают что к осени будет набор видно, война! Война!"
  }
]