[
  {
    "entry_id": 222,
    "event_id": "REV1848_HUN_FIG",
    "event_name": "Личности (Кошут, Бем, Гёргей, Паскевич и др.)",
    "event_subtype_custom": null,
    "description": "В разговорах упоминается генерал Иосиф Бем, польский революционный деятель, участвовавший в подавлении восстания в Венгрии российскими войсками. Автор передает чужие высказывания о его судьбе, не выражая личной позиции.",
    "date_in_text": null,
    "source_date": "1849-08-16",
    "location": "Вологда",
    "location_normalized": "Вологда",
    "brief_context": "Генерал Иосиф Бем, польский революционер, командовал венгерскими войсками в 1848-1849 гг. После поражения бежал в Турцию, где умер в 1850 г. Его имя часто ассоциировалось с сопротивлением Австрии.",
    "information_source": "Разговоры в обществе",
    "information_source_type": "Неофициальные сведения (слухи, разговоры в обществе)",
    "confidence": "High",
    "classification_confidence": "High",
    "keywords": [
      "Бем",
      "генерал",
      "Венгрия",
      "разговоры",
      "восстание"
    ],
    "text_fragment": "«Эх, жаль Бема-то не взяли, тот улан (в газетах есть известие что один улан врубился в неприятельскую колонну схватил Бема и хотел его тащить но был изрублен)»"
  },
  {
    "entry_id": 222,
    "event_id": "RU_REACTION_SOCIAL_DISCUSS",
    "event_name": "Обсуждение событий / Слухи в обществе",
    "event_subtype_custom": "Обсуждение судьбы Бема и победы русских войск",
    "description": "Автор описывает общественные дискуссии в Вологде о возможной судьбе Бема, если бы его захватили, и выражает, что местное общество с восхищением обсуждает идею его ссылки в Вологду. Это отражает провинциальную реакцию на подавление венгерского восстания.",
    "date_in_text": null,
    "source_date": "1849-08-16",
    "location": "Вологда",
    "location_normalized": "Вологда",
    "brief_context": "После подавления Венгерского восстания 1848-1849 гг. российские власти и общество активно обсуждали судьбы его лидеров, таких как Бем, что отражало патриотические настроения и интерес к военным успехам.",
    "information_source": "Разговоры в обществе",
    "information_source_type": "Неофициальные сведения (слухи, разговоры в обществе)",
    "confidence": "High",
    "classification_confidence": "High",
    "keywords": [
      "Бем",
      "улан",
      "обсуждение",
      "восстание",
      "Вологда"
    ],
    "text_fragment": "«А что бы и, в самом деле, да если его живьем взяли, что бы с ним сделали? Я думаю, повесили бы». «А, может быть, и сослали бы да еще к нам в Вологду», — говорит третий, и за ним все с восхищением повторяют: «Славно бы как к нам прислали»"
  }
]