[
  {
    "entry_id": 127,
    "event_id": "RU_REACTION_SOCIAL_DISCUSS",
    "event_name": "Обсуждение событий / Слухи в обществе",
    "event_subtype_custom": null,
    "description": "Автор отмечает, что в обществе ведутся разговоры о войне, при этом участники обсуждений часто не имеют достаточных знаний о происходящем, но высказывают мнения с важностью. Это указывает на широкое обсуждение революционных событий, но без конкретизации их содержания.",
    "date_in_text": null,
    "source_date": "1849-05-08",
    "location": "Вологда",
    "location_normalized": "Российская империя",
    "brief_context": "В 1848-1849 гг. в Европе происходили революционные войны, включая подавление восстаний в Венгрии и Италии, что могло быть предметом обсуждений в российской провинции.",
    "information_source": "Разговоры в обществе",
    "information_source_type": "Неофициальные сведения (слухи, разговоры в обществе)",
    "confidence": "High",
    "classification_confidence": "High",
    "keywords": [
      "война",
      "разговоры",
      "общественные обсуждения",
      "недостаток знаний"
    ],
    "text_fragment": "Общие теперь разговоры больше о войне и кто что скажет, смотришь иной и понятия не имеет а тоже судит с важностью."
  }
]