[
  {
    "entry_id": 97,
    "event_id": "REV1848_EUR_CONTEXT_GEN",
    "event_name": "Общие упоминания Весны народов, беспорядков на Западе",
    "event_subtype_custom": "Разгорание войны в Европе",
    "description": "Автор отмечает, что по газетам видно, как усиливается конфликт в Западной Европе, что указывает на широкое освещение революционных событий 1848-1849 гг.",
    "date_in_text": null,
    "source_date": "1849-04-08",
    "location": "Западная Европа",
    "location_normalized": "Западная Европа",
    "brief_context": "В 1848-1849 гг. революции охватили большинство европейских стран, включая Францию, Германию, Австрию, Италию и Венгрию, что известно как 'Весна народов'.",
    "information_source": "Газеты",
    "information_source_type": "Официальные источники (газеты, манифесты)",
    "confidence": "High",
    "classification_confidence": "High",
    "keywords": [
      "Западная Европа",
      "война",
      "газеты",
      "революция",
      "беспорядки"
    ],
    "text_fragment": "Читал еще газеты, все кажется больше и больше разгорается война в Западной Европе"
  },
  {
    "entry_id": 97,
    "event_id": "REV1848_FRA_GEN",
    "event_name": "Общие упоминания революции/беспорядков во Франции",
    "event_subtype_custom": "Французская интервенция в Италии",
    "description": "Цитата французского оратора о вмешательстве Франции в дела Италии указывает на связь между революционными процессами и международной политикой, вызывая опасения всеобщей войны.",
    "date_in_text": null,
    "source_date": "1849-04-08",
    "location": "Франция, Италия",
    "location_normalized": "Франция, Италия",
    "brief_context": "Франция в 1849 г. вмешалась в конфликт в Римской республике, что стало частью более широкой борьбы между революционными и контрреволюционными силами в Европе.",
    "information_source": "Газеты",
    "information_source_type": "Официальные источники (газеты, манифесты)",
    "confidence": "High",
    "classification_confidence": "Medium",
    "keywords": [
      "Франция",
      "Италия",
      "вмешательство",
      "оратор",
      "всеобщая война"
    ],
    "text_fragment": "«Вооруженным вмешательством (то есть Франции в дела Италии) мы причиним всеобщую войну Россия составляет теперь арьергард Европы. Не заставляйте же её сделаться авангардом.»"
  },
  {
    "entry_id": 97,
    "event_id": "RU_REACTION_SOCIAL_DISCUSS",
    "event_name": "Обсуждение событий / Слухи в обществе",
    "event_subtype_custom": "Слухи о революционном духе в Петербурге",
    "description": "Автор передает слухи, услышанные от мадам Дозе, о том, что петербургская молодежь под влиянием западных революционных идей, но подчеркивает, что в России это не приведет к перевороту из-за патриотизма и авторитета Николая I.",
    "date_in_text": null,
    "source_date": "1849-04-08",
    "location": "Петербург",
    "location_normalized": "Санкт-Петербург",
    "brief_context": "В 1848-1849 гг. в России усилились опасения распространения революционных идей, особенно в академической среде, что привело к усилению репрессий.",
    "information_source": "Мадам Дозе",
    "information_source_type": "Информация от конкретного лица (именованный источник)",
    "confidence": "High",
    "classification_confidence": "High",
    "keywords": [
      "Петербург",
      "молодежь",
      "революционный дух",
      "слухи",
      "Николай I"
    ],
    "text_fragment": "Вчера я слышал это от мадам Дозе, ей сказывали Алекс. Денисовна, директорша, что в Петербурге вся молодежь заражена этим революционным духом мятежного запада... Петербург не Париж, не заменит всей целой России"
  }
]