[
  {
    "entry_id": 129,
    "event_id": "REV1848_HUN_RUS_INT",
    "event_name": "Российская интервенция",
    "event_subtype_custom": null,
    "description": "Автор упоминает вступление 120-го русского корпуса в Венгрию, что связано с интервенцией Российской империи в Венгерское восстание 1848-1849 гг.",
    "date_in_text": null,
    "source_date": "1849-05-10",
    "location": "Венгрия",
    "location_normalized": "Венгрия",
    "brief_context": "В 1849 году Россия направила войска для подавления Венгерского восстания, что стало ключевым фактором в поражении революционеров.",
    "information_source": "Газеты",
    "information_source_type": "Официальные источники (газеты, манифесты)",
    "confidence": "High",
    "classification_confidence": "High",
    "keywords": [
      "Венгрия",
      "русские войска",
      "интервенция",
      "120-й корпус"
    ],
    "text_fragment": "читал новые газеты: 120-й корпус русских вступил в Венгрию, вот начнется переполох"
  },
  {
    "entry_id": 129,
    "event_id": "AUTHOR_PERCEPTION_OPINION_BIAS",
    "event_name": "Личные предубеждения/симпатии/антипатии автора",
    "event_subtype_custom": null,
    "description": "Автор выражает негативное отношение к полякам, желая их массового уничтожения, что отражает антипольские настроения в контексте революционных событий 1848-1849 гг.",
    "date_in_text": null,
    "source_date": "1849-05-10",
    "location": "Вологда",
    "location_normalized": "Российская империя",
    "brief_context": "Не указано",
    "information_source": "Личное мнение автора",
    "information_source_type": "Личные наблюдения и опыт автора",
    "confidence": "High",
    "classification_confidence": "High",
    "keywords": [
      "антипатия к полякам",
      "желание уничтожения",
      "личное мнение"
    ],
    "text_fragment": "вот начнется переполох, всех бы поляков перевесили"
  }
]