[
  {
    "entry_id": 59,
    "event_id": "RU_REACTION_FOREIGN_INTERV",
    "event_name": "Военная интервенция (с уточнением региона)",
    "event_subtype_custom": "помощь австрийцам против чехов",
    "description": "Автор сообщает о русских войсках, отправленных в Трансильванию для поддержки Австрии против чехов, что связано с российской внешней политикой в контексте революций 1848-1849 гг.",
    "date_in_text": null,
    "source_date": "1849-03-01",
    "location": "Трансильвания",
    "location_normalized": "Австрийская империя",
    "brief_context": "В 1848-1849 гг. Россия оказывала военную поддержку Австрии в подавлении революционных движений, включая восстания в Богемии и Венгрии.",
    "information_source": "«Петербургские Ведомости»",
    "information_source_type": "Официальные источники (газеты, манифесты)",
    "confidence": "High",
    "classification_confidence": "High",
    "keywords": [
      "Россия",
      "Австрия",
      "Трансильвания",
      "интервенция",
      "чехи"
    ],
    "text_fragment": "Пишут, что русские войска — тысяч семь — выступили в Трансильванию на помощь австрийцам против чехов."
  },
  {
    "entry_id": 59,
    "event_id": "REV1848_ITA_ROM_REP",
    "event_name": "Римская республика (установление, оборона, падение)",
    "event_subtype_custom": null,
    "description": "Автор упоминает установление республики в Риме, что соответствует событиям Римской республики 1849 года.",
    "date_in_text": null,
    "source_date": "1849-03-01",
    "location": "Рим",
    "location_normalized": "Рим",
    "brief_context": "Римская республика была провозглашена в 1849 году после изгнания папы Пия IX, но просуществовала до июля 1849 года, когда была подавлена французской интервенцией.",
    "information_source": "«Петербургские Ведомости»",
    "information_source_type": "Официальные источники (газеты, манифесты)",
    "confidence": "High",
    "classification_confidence": "High",
    "keywords": [
      "Рим",
      "республика",
      "революция"
    ],
    "text_fragment": "В Риме республика учреждена, что из всего этого будет? Кажется, передерутся все, начнется баталия, катавасия, кажется."
  },
  {
    "entry_id": 59,
    "event_id": "AUTHOR_PERCEPTION_OPINION_REFL",
    "event_name": "Размышления о политике, войне, обществе, будущем",
    "event_subtype_custom": null,
    "description": "Автор выражает размышления о возможных последствиях революционных событий, предполагая, что это приведет к всеобщему конфликту и хаосу.",
    "date_in_text": null,
    "source_date": "1849-03-01",
    "location": "Вологда",
    "location_normalized": "Вологда",
    "brief_context": "Не указано",
    "information_source": "«Петербургские Ведомости»",
    "information_source_type": "Официальные источники (газеты, манифесты)",
    "confidence": "High",
    "classification_confidence": "High",
    "keywords": [
      "размышления",
      "последствия",
      "революция",
      "хаос"
    ],
    "text_fragment": "В Риме республика учреждена, что из всего этого будет? Кажется, передерутся все, начнется баталия, катавасия, кажется."
  },
  {
    "entry_id": 59,
    "event_id": "AUTHOR_PERCEPTION_EMO_FEAR",
    "event_name": "Страх, беспокойство, тревога",
    "event_subtype_custom": null,
    "description": "Автор выражает тревогу и беспокойство о возможных последствиях революционных событий, предполагая, что это приведет к всеобщему хаосу и конфликтам.",
    "date_in_text": null,
    "source_date": "1849-03-01",
    "location": "Вологда",
    "location_normalized": "Вологда",
    "brief_context": "Не указано",
    "information_source": "«Петербургские Ведомости»",
    "information_source_type": "Официальные источники (газеты, манифесты)",
    "confidence": "High",
    "classification_confidence": "High",
    "keywords": [
      "страх",
      "беспокойство",
      "революция",
      "катавасия"
    ],
    "text_fragment": "В Риме республика учреждена, что из всего этого будет? Кажется, передерутся все, начнется баталия, катавасия, кажется."
  }
]