[
  {
    "entry_id": 131,
    "event_id": "RU_REACTION_RELIGIOUS_SERVICE",
    "event_name": "Официальные молебны (о начале войны, о победе и т.д.)",
    "event_subtype_custom": null,
    "description": "Автор описывает участие в молебствии в Вологодском соборе по случаю начала войны, где протодьякон прочитал манифест, а епископ Евлампий возглавил богослужение с молитвами о победе русских войск. Это указывает на официальную религиозную поддержку государственной политики.",
    "date_in_text": null,
    "source_date": "1849-05-12",
    "location": "Вологда",
    "location_normalized": "Вологда",
    "brief_context": "В Российской империи в ответ на революционные события в Европе проводились молебны о победе над восстаниями, что подчеркивало религиозную легитимацию государственной политики.",
    "information_source": "Личные наблюдения автора за церковным обрядом и официальным манифестом",
    "information_source_type": "Личные наблюдения и опыт автора",
    "confidence": "High",
    "classification_confidence": "High",
    "keywords": [
      "молебствие",
      "манифест",
      "война",
      "религиозная реакция",
      "Вологда"
    ],
    "text_fragment": "Протодьякон громким голосом прочитал манифест, а преосвященный сказал при начале молебна слово, очень станем молить Бога и о даровании победы христолюбивому Всероссийскому воинству, о чем с коленопреклонением и читались молитвы за молебном."
  },
  {
    "entry_id": 131,
    "event_id": "AUTHOR_PERCEPTION_OPINION_BIAS",
    "event_name": "Личные предубеждения/симпатии/антипатии автора (к нациям, группам, идеологиям)",
    "event_subtype_custom": "антипатия к полякам",
    "description": "Автор прямо выражает негативное отношение к полякам, называя их 'изменниками' и высказывая желание 'перевешать' их, что отражает личную антипатию и предубеждение против участников революционных движений в Польше.",
    "date_in_text": null,
    "source_date": "1849-05-12",
    "location": "Вологда",
    "location_normalized": "Вологда",
    "brief_context": "После подавления восстания в Царстве Польском (1830-1831) в России усилилась репрессивная политика, а в провинциях, включая Вологду, ссыльные поляки стали символом 'внутренней угрозы'.",
    "information_source": "Личные высказывания автора",
    "information_source_type": "Личные наблюдения и опыт автора",
    "confidence": "High",
    "classification_confidence": "High",
    "keywords": [
      "антипатия к полякам",
      "ссильные поляки",
      "измена",
      "Вологда",
      "личное мнение"
    ],
    "text_fragment": "Канальи всех их бы перевешать. Приходил ко мне Зарлянд посидели, потолковали больше теперь все о экзаменах..."
  }
]