[
  {
    "entry_id": 61,
    "event_id": "REV1848_EUR_CONTEXT_NEWS",
    "event_name": "Распространение новостей/слухов о революциях",
    "event_subtype_custom": null,
    "description": "Автор упоминает, что в газетах, которые он читал вечером, сообщается о продолжении беспорядков на Западе, предполагая, что это может перерасти в крупные военные действия. Это указывает на осведомленность о революционных событиях в Европе через официальные источники.",
    "date_in_text": null,
    "source_date": "1849-03-03",
    "location": "Западная Европа",
    "location_normalized": "Европа",
    "brief_context": "В 1848-1849 гг. в Европе произошла серия революций, известных как 'Весна народов', охватившая Францию, Германию, Италию, Венгрию и другие регионы. Новости о них распространялись в Российской империи через официальные издания, часто с критическим освещением.",
    "information_source": "Газеты",
    "information_source_type": "Официальные источники (газеты, манифесты)",
    "confidence": "High",
    "classification_confidence": "High",
    "keywords": [
      "беспорядки на Западе",
      "газеты",
      "революционные события",
      "большая драка"
    ],
    "text_fragment": "Вечером вот теперь читал газеты, и там все та же история: беспорядки на Западе, видно, дело так не обойдется без большой драки."
  }
]