[
  {
    "entry_id": 111,
    "event_id": "REV1848_FRA_GEN",
    "event_name": "Общие упоминания революции/беспорядков во Франции",
    "event_subtype_custom": null,
    "description": "Автор упоминает, что в гимназических классах ведутся разговоры о Франции с преподавателем Блезом, которые он оценивает как 'ужасно'. Это указывает на обсуждение революционных событий во Франции в образовательной среде.",
    "date_in_text": null,
    "source_date": "1849-04-22",
    "location": "Франция",
    "location_normalized": "Франция",
    "brief_context": "В 1848-1849 гг. во Франции происходили революционные события, включая Февральскую революцию, учреждение Второй республики и Июньское восстание, которые активно обсуждались в Европе.",
    "information_source": "Разговоры в гимназии с преподавателем Блезом",
    "information_source_type": "Неофициальные сведения (слухи, разговоры в обществе)",
    "confidence": "High",
    "classification_confidence": "High",
    "keywords": [
      "Франция",
      "разговоры",
      "Блез",
      "революция",
      "ужасно"
    ],
    "text_fragment": "В класс греческого участили разговоры от Блеза тоже и сам участвует ужасно! Вот год проходит, а из французского кроме двух глав из <...> еще ничего не переведено, но всякий класс разговоры, с Блезом."
  },
  {
    "entry_id": 111,
    "event_id": "AUTHOR_PERCEPTION_OPINION_REV",
    "event_name": "Выражение поддержки/осуждения революций/участников",
    "event_subtype_custom": null,
    "description": "Автор прямо выражает негативное отношение к разговорам о революционных событиях во Франции, используя эмоциональную оценку 'ужасно', что демонстрирует его личное восприятие революции как нежелательного явления.",
    "date_in_text": null,
    "source_date": "1849-04-22",
    "location": "Вологда",
    "location_normalized": "Вологда",
    "brief_context": "Не указано",
    "information_source": "Личное мнение автора",
    "information_source_type": "Личные наблюдения и опыт автора",
    "confidence": "High",
    "classification_confidence": "High",
    "keywords": [
      "негатив",
      "разговоры",
      "Блез",
      "революция",
      "личное восприятие"
    ],
    "text_fragment": "В класс греческого участили разговоры от Блеза тоже и сам участвует ужасно!"
  }
]