[
  {
    "entry_id": 7,
    "event_id": "REV1848_HUN_GEN",
    "event_name": "Общие упоминания восстания/войны в Венгрии",
    "event_subtype_custom": null,
    "description": "Автор отмечает, что австрийцам «везет» и они «славно управляются в Венгрии», указывая на подавление венгерского восстания. Это отражает информацию о военных действиях в Венгрии в контексте революций 1848-1849 гг.",
    "date_in_text": null,
    "source_date": "1849-01-07",
    "location": "Венгрия",
    "location_normalized": "Венгрия",
    "brief_context": "В 1848-1849 гг. в Венгрии произошло восстание против австрийского господства, подавленное совместными усилиями Австрии и России.",
    "information_source": "Петербургские газеты",
    "information_source_type": "Официальные источники (газеты, манифесты)",
    "confidence": "High",
    "classification_confidence": "High",
    "keywords": [
      "Венгрия",
      "Австрия",
      "подавление восстания",
      "газеты"
    ],
    "text_fragment": "Теперь читал петербургские газеты, иностранные происшествия. Везет австрийцам, славно управляются в Венгрии, да что еще из этого всего будет?"
  },
  {
    "entry_id": 7,
    "event_id": "REV1848_EUR_CONTEXT_GEN",
    "event_name": "Общие упоминания Весны народов, беспорядков на Западе",
    "event_subtype_custom": null,
    "description": "Автор констатирует, что «ералаш ужаснейший, кажется, еще и теперь на Западе», подразумевая продолжающиеся революционные беспорядки в Европе после 1848 года.",
    "date_in_text": null,
    "source_date": "1849-01-07",
    "location": "Западная Европа",
    "location_normalized": "Европа",
    "brief_context": "Революции 1848 года охватили большую часть Европы, включая Францию, Германию, Австрию и Италию, создавая общий контекст политической нестабильности.",
    "information_source": "Петербургские газеты",
    "information_source_type": "Официальные источники (газеты, манифесты)",
    "confidence": "High",
    "classification_confidence": "High",
    "keywords": [
      "беспорядки",
      "Запад",
      "ералаш",
      "газеты"
    ],
    "text_fragment": "Ералаш ужаснейший, кажется, еще и теперь на Западе."
  }
]