[
  {
    "entry_id": 182,
    "event_id": "REV1848_EUR_CONTEXT_GEN",
    "event_name": "Общие упоминания Весны народов, беспорядков на Западе",
    "event_subtype_custom": null,
    "description": "Автор отмечает в «Петербургских ведомостях» информацию о продолжающихся военных конфликтах и насилии в Европе, связанных с революционными событиями 1848-1849 гг.",
    "date_in_text": null,
    "source_date": "1849-07-06",
    "location": "Европа",
    "location_normalized": "Европа",
    "brief_context": "В 1848-1849 гг. в Европе произошли массовые революции, включая восстания в Австрии, Германии, Италии и Венгрии, которые активно освещались в российской прессе.",
    "information_source": "Петербургские ведомости",
    "information_source_type": "Официальные источники (газеты, манифесты)",
    "confidence": "High",
    "classification_confidence": "High",
    "keywords": [
      "Европа",
      "конфликты",
      "резня",
      "иностранные известия",
      "революции"
    ],
    "text_fragment": "Из «Петербургских ведомостей» в иностранных известиях все одна история дерутся напропалую чем только все это кончится невольно спрашиваешь себя и пламя все больше и больше разгорается, резня идет ужасная."
  },
  {
    "entry_id": 182,
    "event_id": "AUTHOR_PERCEPTION_EMO_FEAR",
    "event_name": "Страх, беспокойство, тревога",
    "event_subtype_custom": null,
    "description": "Автор выражает личную тревогу по поводу масштаба насилия и неопределенности исхода революционных событий в Европе.",
    "date_in_text": null,
    "source_date": "1849-07-06",
    "location": "Вологда",
    "location_normalized": "Вологда",
    "brief_context": "Не указано",
    "information_source": "Петербургские ведомости",
    "information_source_type": "Официальные источники (газеты, манифесты)",
    "confidence": "High",
    "classification_confidence": "High",
    "keywords": [
      "тревога",
      "резня",
      "неопределенность",
      "страх",
      "авторское восприятие"
    ],
    "text_fragment": "чем только все это кончится невольно спрашиваешь себя и пламя все больше и больше разгорается, резня идет ужасная."
  }
]