[
  {
    "entry_id": 179,
    "event_id": "RU_REACTION_INTERNAL_EDU",
    "event_name": "Усиление контроля над образованием / университетами",
    "event_subtype_custom": null,
    "description": "Автор упоминает, что в 1849 году университеты не принимают новых студентов, что связано с усиленным контролем со стороны российских властей в ответ на революционные события 1848-1849 гг. в Европе.",
    "date_in_text": null,
    "source_date": "1849-07-03",
    "location": "Московский университет",
    "location_normalized": "Россия",
    "brief_context": "После революций 1848 года в Европе российское правительство усилило репрессии в сфере образования, ограничив доступ в университеты для предотвращения распространения либеральных идей.",
    "information_source": "Личные наблюдения автора за ситуацией с поступлением в университеты",
    "information_source_type": "Личные наблюдения и опыт автора",
    "confidence": "Medium",
    "classification_confidence": "High",
    "keywords": [
      "университет",
      "образование",
      "репрессии",
      "контроль",
      "реакция"
    ],
    "text_fragment": "он хочет идти в лекаря и теперь только остановило его, что нынче не принимают не в один университет и ни на какой факультет"
  }
]