[
  {
    "entry_id": 119,
    "event_id": "RU_REACTION_INTERNAL_ANTIWEST",
    "event_name": "Государственные меры против 'западного влияния' (указы, ограничения)",
    "event_subtype_custom": null,
    "description": "Автор упоминает о новом указе императора Николая I, запрещающем ношение усов и бород, чтобы пресечь подражание западноевропейским модам, которые ассоциировались с революционными настроениями. Это отражает усилия российского правительства по противодействию влиянию революций 1848-1849 гг.",
    "date_in_text": null,
    "source_date": "1849-04-30",
    "location": "Вологда",
    "location_normalized": "Вологодская губерния",
    "brief_context": "В 1848-1849 гг. российское правительство активно боролось с проявлениями западного влияния, связанного с революционными движениями, вводя указы, направленные на укрепление традиционных ценностей и внешнего вида.",
    "information_source": "Слухи, разговоры в обществе",
    "information_source_type": "Неофициальные сведения (слухи, разговоры в обществе)",
    "confidence": "High",
    "classification_confidence": "High",
    "keywords": [
      "бороды",
      "указ",
      "подражание Западу",
      "Николай I",
      "антизападные меры"
    ],
    "text_fragment": "Вышло говорят именное повеление всем кто не служит в военной службе брить усы и бороды, государь заметил подражание в своем народе Западу и вот теперь многие уже львы начинают сбривать различные эспаньолки."
  },
  {
    "entry_id": 119,
    "event_id": "AUTHOR_PERCEPTION_OPINION_AUTH",
    "event_name": "Выражение поддержки/осуждения действий властей/конкретных государств",
    "event_subtype_custom": null,
    "description": "Автор одобряет указ императора Николая I о бритье бород, называя его 'превосходным' и 'чудесным', что указывает на его личную симпатию к государственной политике против западного влияния, связанного с революциями 1848-1849 гг.",
    "date_in_text": null,
    "source_date": "1849-04-30",
    "location": "Вологда",
    "location_normalized": "Вологодская губерния",
    "brief_context": "Российская элита часто поддерживала антизападные меры императора Николая I, рассматривая их как защиту от революционных идей, распространявшихся в Европе в 1848-1849 гг.",
    "information_source": "Личное мнение автора",
    "information_source_type": "Личные наблюдения и опыт автора",
    "confidence": "High",
    "classification_confidence": "High",
    "keywords": [
      "одобрение указа",
      "государь",
      "антизападные меры",
      "личное мнение",
      "бороды"
    ],
    "text_fragment": "Это превосходно если только правда, чудесно сделал государь, строже бы за этим следить что тогда скажут все эти львы, барсы и прочие высшего круга."
  }
]