[
  {
    "entry_id": 217,
    "event_id": "REV1848_EUR_CONTEXT_GEN",
    "event_name": "Общие упоминания Весны народов, беспорядков на Западе",
    "event_subtype_custom": "ожидание переворотов",
    "description": "Автор отмечает, что впереди еще много переворотов, что косвенно указывает на его осведомленность о революционной активности в Европе, связанной с событиями 1848-1849 гг.",
    "date_in_text": null,
    "source_date": "1849-08-11",
    "location": "Не указано",
    "location_normalized": null,
    "brief_context": "В 1848-1849 гг. Европу охватила серия революций, известных как Весна народов, которые охватили Францию, Германию, Австрию, Италию, Венгрию и другие страны.",
    "information_source": "Личные размышления автора",
    "information_source_type": "Личные наблюдения и опыт автора",
    "confidence": "High",
    "classification_confidence": "Medium",
    "keywords": [
      "перевороты",
      "революции",
      "размышления",
      "Европа",
      "ожидания"
    ],
    "text_fragment": "Да много еще предстоит впереди переворотов."
  },
  {
    "entry_id": 217,
    "event_id": "AUTHOR_PERCEPTION_OPINION_REFL",
    "event_name": "Размышления о политике, войне, обществе, будущем",
    "event_subtype_custom": null,
    "description": "Автор размышляет о неизбежности революционных потрясений в будущем, что отражает его осознание масштабности и долгосрочности революционных процессов в Европе.",
    "date_in_text": null,
    "source_date": "1849-08-11",
    "location": "Вологда",
    "location_normalized": "Вологда",
    "brief_context": "Не указано",
    "information_source": "Личные размышления автора",
    "information_source_type": "Личные наблюдения и опыт автора",
    "confidence": "High",
    "classification_confidence": "High",
    "keywords": [
      "перевороты",
      "будущее",
      "политика",
      "размышления",
      "Европа"
    ],
    "text_fragment": "Да много еще предстоит впереди переворотов. Я считаю теперь мне еще остается совершить на земном своем поприще три вещи, поступить на службу, жениться, и умереть, вот главные периоды жизни"
  }
]