[
  {
    "entry_id": 114,
    "event_id": "REV1848_ITA_GEN",
    "event_name": "Общие упоминания революции/войн в Италии",
    "event_subtype_custom": "Слухи о посылке русских войск",
    "description": "Автор упоминает слухи о направлении русского корпуса в Италию, что связано с революционными событиями 1848-1849 гг. и интервенцией России в регионе.",
    "date_in_text": null,
    "source_date": "1849-04-25",
    "location": "Италия",
    "location_normalized": "Италия",
    "brief_context": "В 1848-1849 гг. в Италии происходили восстания против австрийского господства, в подавлении которых участвовали русские войска по просьбе Австрии.",
    "information_source": "Слухи, разговоры в обществе",
    "information_source_type": "Неофициальные сведения (слухи, разговоры в обществе)",
    "confidence": "High",
    "classification_confidence": "High",
    "keywords": [
      "Италия",
      "русские войска",
      "интервенция",
      "слухи",
      "политическая война"
    ],
    "text_fragment": "Слухи ... что целый корпус посылают в Италию, и дивизия пехотная где командует Ночелов и где служит Губкин и недавно поступили два Михаила Золотиловы."
  },
  {
    "entry_id": 114,
    "event_id": "AUTHOR_PERCEPTION_OPINION_REFL",
    "event_name": "Размышления о политике, войне, обществе, будущем",
    "event_subtype_custom": "Критика политических войн",
    "description": "Автор размышляет о том, что участие в чужих революционных конфликтах бессмысленно, предпочитая гражданскую службу, и связывает это с личными и моральными соображениями.",
    "date_in_text": null,
    "source_date": "1849-04-25",
    "location": "Вологда",
    "location_normalized": "Вологодская губерния",
    "brief_context": "Российская элита часто критиковала участие в подавлении революций в Европе, считая это отвлечением от внутренних дел или неоправданной интервенцией.",
    "information_source": "Личные размышления автора",
    "information_source_type": "Личные наблюдения и опыт автора",
    "confidence": "High",
    "classification_confidence": "High",
    "keywords": [
      "личное мнение",
      "политическая война",
      "гражданская служба",
      "критика интервенции"
    ],
    "text_fragment": "Война эта больше политическая, а не отечественная, так зачем в чужом пиру похмелье принимать лучше тоже быть полезным на поприще гражданском, а когда поважнее и будет меньше препятствий, так небось не струшу."
  },
  {
    "entry_id": 114,
    "event_id": "RU_REACTION_SOCIAL_DISCUSS",
    "event_name": "Обсуждение событий / Слухи в обществе",
    "event_subtype_custom": "Слухи о мобилизации",
    "description": "Автор отмечает, что в обществе активно обсуждаются слухи о посылке русских войск в Италию, что отражает интерес провинциального дворянства к внешней политике империи.",
    "date_in_text": null,
    "source_date": "1849-04-25",
    "location": "Вологда",
    "location_normalized": "Вологодская губерния",
    "brief_context": "В 1848-1849 гг. российские власти активно информировали население о подавлении революций в Европе, что вызывало дискуссии в провинциальных кругах.",
    "information_source": "Слухи, разговоры в обществе",
    "information_source_type": "Неофициальные сведения (слухи, разговоры в обществе)",
    "confidence": "High",
    "classification_confidence": "High",
    "keywords": [
      "слухи",
      "общественные обсуждения",
      "войска в Италии",
      "дворянские разговоры"
    ],
    "text_fragment": "Слухи ... что целый корпус посылают в Италию, и дивизия пехотная где командует Ночелов и где служит Губкин и недавно поступили два Михаила Золотиловы."
  }
]