[
  {
    "entry_id": 10,
    "event_id": "RU_REACTION_SOCIAL_ANTI_FOREIGN",
    "event_name": "Антииноземные/ксенофобские настроения в обществе",
    "event_subtype_custom": null,
    "description": "Автор выражает негатив в адрес польского и французского влияния на вологодское общество, критикуя внедрение чуждых культурных элементов (кунтуши, костюмы Людовика XII) в светские мероприятия, что отражает распространенные в России ксенофобские настроения в контексте революционной напряженности в Европе.",
    "date_in_text": null,
    "source_date": "1849-01-10",
    "location": "Вологда",
    "location_normalized": "Вологда",
    "brief_context": "После революций 1848 г. в Европе российское общество усилило критику западных влияний, особенно польских и французских, как угрозы традиционным ценностям.",
    "information_source": "Личные наблюдения автора за вологодским обществом",
    "information_source_type": "Личные наблюдения и опыт автора",
    "confidence": "High",
    "classification_confidence": "High",
    "keywords": [
      "польские костюмы",
      "французолюбие",
      "ксенофобия",
      "маскерад",
      "вологодское общество"
    ],
    "text_fragment": "Удивительно, как русские дворяне еще древних фамилий позволяют себя так дурачить, потому что это устраивает, кажется, Мацкевич. Ну просто дураки! Он небось своего одноземца, сына Ромера, не нарядит в национальный костюм русского боярина да приискивает и партию, где будут все в польских костюмах. Экая, подумаешь, гордость и вражда в безмозглых полячишках... Какое французолюбие, как точно перед 12-м годом! Не дай Бог, чтобы французы снова поучили русских любить свою наружную национальность."
  },
  {
    "entry_id": 10,
    "event_id": "AUTHOR_PERCEPTION_OPINION_BIAS",
    "event_name": "Личные предубеждения/симпатии/антипатии автора",
    "event_subtype_custom": null,
    "description": "Автор демонстрирует явное предубеждение против поляков и французов, называя их 'безмозглыми', 'дураками' и обвиняя в разложении русской идентичности, что указывает на личную антипатию, усиленную революционной атмосферой в Европе.",
    "date_in_text": null,
    "source_date": "1849-01-10",
    "location": "Вологда",
    "location_normalized": null,
    "brief_context": "Не указано",
    "information_source": "Не указано",
    "information_source_type": "Личные наблюдения и опыт автора",
    "confidence": "High",
    "classification_confidence": "High",
    "keywords": [
      "антипатия к полякам",
      "критика французов",
      "русская идентичность",
      "дворянство",
      "национальная гордость"
    ],
    "text_fragment": "Ну просто дураки! Он небось своего одноземца, сына Ромера, не нарядит в национальный костюм русского боярина... Экая, подумаешь, гордость и вражда в безмозглых полячишках... Какое французолюбие, как точно перед 12-м годом! Не дай Бог, чтобы французы снова поучили русских любить свою наружную национальность."
  }
]