[
  {
    "entry_id": 66,
    "event_id": "REV1848_FRA_REP2",
    "event_name": "Учреждение Второй республики",
    "event_subtype_custom": null,
    "description": "Автор упоминает о республиканском устройстве Франции как примере последствий социальной гордости, связывая это с революционными изменениями 1848 года.",
    "date_in_text": null,
    "source_date": "1849-03-08",
    "location": "Франция",
    "location_normalized": "Франция",
    "brief_context": "Февральская революция 1848 года во Франции привела к свержению монархии и провозглашению Второй республики, основанной на принципах равенства.",
    "information_source": "Личные размышления автора",
    "information_source_type": "Личные наблюдения и опыт автора",
    "confidence": "High",
    "classification_confidence": "High",
    "keywords": [
      "Франция",
      "республика",
      "равенство",
      "социальные размышления",
      "революционные последствия"
    ],
    "text_fragment": "И это глупо как нельзя больше, из за этого-то во Франции и республика, там все равны, а знай, хоть тут я первым и в чести, тут я первый гость, и меня уважают."
  }
]