[
  {
    "entry_id": 116,
    "event_id": "REV1848_ITA_GEN",
    "event_name": "Общие упоминания революции/войн в Италии",
    "event_subtype_custom": "Возможное участие Франции",
    "description": "Автор упоминает, что в газетах нет информации о русском корпусе в Италии и неясно, примет ли Франция участие в итальянских делах, что указывает на общее внимание к революционным событиям в Италии и их международным последствиям.",
    "date_in_text": null,
    "source_date": "1849-04-27",
    "location": "Италия",
    "location_normalized": "Италия",
    "brief_context": "В 1848-1849 гг. в Италии происходили восстания против австрийского влияния, включая Австро-сардинскую войну и создание Римской республики, что привлекло внимание европейских держав.",
    "information_source": "Газеты, личные размышления",
    "information_source_type": "Официальные источники (газеты, манифесты)",
    "confidence": "Medium",
    "classification_confidence": "High",
    "keywords": [
      "Италия",
      "Франция",
      "русский корпус",
      "международная реакция"
    ],
    "text_fragment": "пошел и к обедне в Духов монастырь... почитал газет, особенного еще нет ничего, а о отправлении Русского корпуса в Италию и знаку нет, верно до времени скрывают Франция еще ни то ни се, неизвестно примет или нет участие в делах Италии"
  },
  {
    "entry_id": 116,
    "event_id": "RU_REACTION_FOREIGN_INTERV",
    "event_name": "Военная интервенция (связанные с войной в Италии)",
    "event_subtype_custom": "Италия",
    "description": "Автор отмечает отсутствие официальной информации о русском корпусе в Италии, предполагая, что его отправка скрывается, что указывает на интерес к возможной военной интервенции России в итальянские дела.",
    "date_in_text": null,
    "source_date": "1849-04-27",
    "location": "Италия",
    "location_normalized": "Италия",
    "brief_context": "Россия в 1848-1849 гг. активно поддерживала Австрию, но не вмешивалась в Италию. Упоминание русского корпуса в Италии, вероятно, отражает слухи или ошибку автора.",
    "information_source": "Газеты, личные предположения",
    "information_source_type": "Официальные источники (газеты, манифесты)",
    "confidence": "Medium",
    "classification_confidence": "Medium",
    "keywords": [
      "русский корпус",
      "Италия",
      "интервенция",
      "слухи"
    ],
    "text_fragment": "пошел и к обедне в Духов монастырь... почитал газет, особенного еще нет ничего, а о отправлении Русского корпуса в Италию и знаку нет, верно до времени скрывают"
  }
]