[
  {
    "entry_id": 87,
    "event_id": "REV1848_ITA_AUS_SAR",
    "event_name": "Австро-сардинская война (Первая война за независимость)",
    "event_subtype_custom": null,
    "description": "Автор упоминает начало войны между Австрией и Карлом Альбертом (королем Сардинии), что связано с революционными событиями в Италии. Также отмечает, что австрийские газеты сообщают о победах, но Иваницкий критикует их достоверность.",
    "date_in_text": null,
    "source_date": "1849-03-29",
    "location": "Италия",
    "location_normalized": "Италия",
    "brief_context": "Австро-сардинская война (1848-1849) была частью итальянских революционных движений за независимость от Австрии, начавшихся в 1848 году.",
    "information_source": "Газеты, Иваницкий",
    "information_source_type": "Официальные источники (газеты, манифесты)",
    "confidence": "High",
    "classification_confidence": "High",
    "keywords": [
      "Австрия",
      "Карл Альберт",
      "война",
      "газеты",
      "Иваницкий"
    ],
    "text_fragment": "Читал сегодня газеты, особенного нет ничего, война Австрии с Карлом Альбертом началась и если только верить Австрийским газетам то уже разбиты. А Иваницкий говорит что все врут австрийцы именно потому что до сих пор идет война у них с венгерцами, между тем как они предполагали непременно кончить ее к новому году."
  },
  {
    "entry_id": 87,
    "event_id": "REV1848_HUN_MIL_AUS",
    "event_name": "Военные действия (Австрия против Венгрии)",
    "event_subtype_custom": null,
    "description": "Автор отмечает, что Иваницкий указывает на продолжающиеся военные действия между Австрией и венгерцами, несмотря на официальные заявления Австрии о скором завершении войны к Новому году 1849 года.",
    "date_in_text": null,
    "source_date": "1849-03-29",
    "location": "Венгрия",
    "location_normalized": "Венгрия",
    "brief_context": "Венгерское восстание против Австрии (1848-1849) включало военные конфликты, которые были подавлены с помощью российской интервенции в мае-августе 1849 года.",
    "information_source": "Иваницкий",
    "information_source_type": "Информация от конкретного лица (именованный источник)",
    "confidence": "High",
    "classification_confidence": "High",
    "keywords": [
      "Австрия",
      "венгерцы",
      "война",
      "Иваницкий",
      "официальные сообщения"
    ],
    "text_fragment": "А Иваницкий говорит что все врут австрийцы именно потому что до сих пор идет война у них с венгерцами, между тем как они предполагали непременно кончить ее к новому году."
  },
  {
    "entry_id": 87,
    "event_id": "RU_REACTION_SOCIAL_DISCUSS",
    "event_name": "Обсуждение событий / Слухи в обществе",
    "event_subtype_custom": "Критика австрийских газет",
    "description": "Иваницкий, вероятно представитель местного общества, критикует австрийские газеты за недостоверность сообщений о военных успехах, что отражает скепсис в российской провинции к официальной информации о революционных событиях в Европе.",
    "date_in_text": null,
    "source_date": "1849-03-29",
    "location": "Вологда",
    "location_normalized": "Вологда",
    "brief_context": "В российской провинции активно обсуждались европейские революции, часто с недоверием к иностранным источникам информации.",
    "information_source": "Иваницкий",
    "information_source_type": "Информация от конкретного лица (именованный источник)",
    "confidence": "High",
    "classification_confidence": "High",
    "keywords": [
      "обсуждение",
      "скепсис",
      "австрийские газеты",
      "Иваницкий",
      "российская провинция"
    ],
    "text_fragment": "А Иваницкий говорит что все врут австрийцы именно потому что до сих пор идет война у них с венгерцами, между тем как они предполагали непременно кончить ее к новому году."
  }
]