[
  {
    "entry_id": 218,
    "event_id": "REV1848_HUN_RUS_MIL",
    "event_name": "Военные действия (Россия против Венгрии)",
    "event_subtype_custom": null,
    "description": "Автор упоминает о разгроме венгерцев русскими войсками в двух сражениях и гибели генерала Скорятин, что указывает на российскую военную интервенцию в Венгрии в рамках подавления восстания.",
    "date_in_text": null,
    "source_date": "1849-08-12",
    "location": "Венгрия",
    "location_normalized": "Венгрия",
    "brief_context": "В 1848-1849 гг. Россия направила войска для подавления Венгерского восстания, что привело к победе над революционным правительством Кошута и капитуляции венгерской армии в августе 1849 г.",
    "information_source": "Вчерашняя почта С. Пет. газет",
    "information_source_type": "Официальные источники (газеты, манифесты)",
    "confidence": "High",
    "classification_confidence": "High",
    "keywords": [
      "Венгрия",
      "военные действия",
      "российская интервенция",
      "генерал Скорятин",
      "разгром"
    ],
    "text_fragment": "Венгерцев русские покалечили и в двух сражениях разбили будто бы в пух, зато наших три генерала контужены и один из них Скорятин убит ядром."
  },
  {
    "entry_id": 218,
    "event_id": "AUTHOR_PERCEPTION_OPINION_AUTH",
    "event_name": "Выражение поддержки/осуждения действий властей/конкретных государств",
    "event_subtype_custom": null,
    "description": "Автор одобряет военные действия России против венгерцев, используя эмоционально положительные оценки ('разбили будто бы в пух'), что демонстрирует личную симпатию к политике российского правительства.",
    "date_in_text": null,
    "source_date": "1849-08-12",
    "location": "Вологда",
    "location_normalized": "Российская империя",
    "brief_context": "Россия активно участвовала в подавлении революций 1848-1849 гг., особенно в Венгрии, что вызывало разные реакции в обществе, включая патриотические настроения.",
    "information_source": "Личное восприятие автора",
    "information_source_type": "Личные наблюдения и опыт автора",
    "confidence": "High",
    "classification_confidence": "High",
    "keywords": [
      "одобрение",
      "российская интервенция",
      "Венгрия",
      "патриотизм",
      "авторская позиция"
    ],
    "text_fragment": "Венгерцев русские покалечили и в двух сражениях разбили будто бы в пух, зато наших три генерала контужены и один из них Скорятин убит ядром."
  }
]