[
  {
    "entry_id": 216,
    "event_id": "IDEOLOGIES_CAUSES_IDEOLOGY_SOC",
    "event_name": "Социализм / Коммунизм / Рабочий вопрос",
    "event_subtype_custom": null,
    "description": "Автор отмечает, что в романе «Парижские тайны» содержится много социальных мыслей, прямо противостоящих правительству, что косвенно связано с идеологией социализма, распространенной в революционных движениях 1848-1849 гг.",
    "date_in_text": null,
    "source_date": "1849-08-10",
    "location": "Франция",
    "location_normalized": "Франция",
    "brief_context": "Социалистические идеи, критикующие существующий порядок, были одной из движущих сил революций 1848 года в Европе, включая требования социальной справедливости и реформ.",
    "information_source": "Личное прочтение романа «Парижские тайны»",
    "information_source_type": "Личные наблюдения и опыт автора",
    "confidence": "Medium",
    "classification_confidence": "Medium",
    "keywords": [
      "социальные мысли",
      "критика правительства",
      "роман",
      "идеология",
      "Франция"
    ],
    "text_fragment": "много социальных мыслей прямо против правительства"
  },
  {
    "entry_id": 216,
    "event_id": "AUTHOR_PERCEPTION_OPINION_BIAS",
    "event_name": "Личные предубеждения/симпатии/антипатии автора",
    "event_subtype_custom": null,
    "description": "Автор выражает негативное отношение к изображению бедного класса в романе, называя его «гадкой стороной» и «ужасной нищетой», что может отражать его консервативные предубеждения против революционных идей, связанных с социальной борьбой.",
    "date_in_text": null,
    "source_date": "1849-08-10",
    "location": "Франция",
    "location_normalized": "Франция",
    "brief_context": "Во время революций 1848-1849 гг. социальные конфликты и борьба за права рабочих были ключевыми темами, особенно в Июньском восстании в Париже.",
    "information_source": "Личное прочтение романа «Парижские тайны»",
    "information_source_type": "Личные наблюдения и опыт автора",
    "confidence": "Medium",
    "classification_confidence": "Medium",
    "keywords": [
      "негативное отношение",
      "социальная борьба",
      "бедный класс",
      "предубеждения",
      "роман"
    ],
    "text_fragment": "Бедный класс парижского общества представлен с самой гадкой стороны, как только можно представить грязные картины воровства разврата и грабительства, волосы становятся дыбом от этой ужасной нищеты народа"
  },
  {
    "entry_id": 216,
    "event_id": "AUTHOR_PERCEPTION_EMO_GENERAL",
    "event_name": "Общая эмоциональная реакция/сильное впечатление",
    "event_subtype_custom": null,
    "description": "Автор описывает сильное эмоциональное воздействие романа, вызывая тревогу и ужас от изображения социальных конфликтов, что может косвенно отражать его восприятие революционных событий в Европе.",
    "date_in_text": null,
    "source_date": "1849-08-10",
    "location": "Франция",
    "location_normalized": "Франция",
    "brief_context": "Революции 1848-1849 гг. часто ассоциировались с хаосом и насилием, что вызывало разнообразные эмоциональные реакции в российской провинции.",
    "information_source": "Личное прочтение романа «Парижские тайны»",
    "information_source_type": "Личные наблюдения и опыт автора",
    "confidence": "Medium",
    "classification_confidence": "Medium",
    "keywords": [
      "эмоциональное впечатление",
      "ужас",
      "нищета",
      "роман",
      "социальные конфликты"
    ],
    "text_fragment": "волосы становятся дыбом от этой ужасной нищеты народа"
  },
  {
    "entry_id": 216,
    "event_id": "REV1848_EUR_CONTEXT_GEN",
    "event_name": "Общие упоминания Весны народов, беспорядков на Западе",
    "event_subtype_custom": "литературное отражение революционных идей",
    "description": "Автор косвенно связывает роман «Парижские тайны» с общеевропейским контекстом революций 1848-1849 гг., указывая на его влияние на литературу и распространение антиправительственных тем.",
    "date_in_text": null,
    "source_date": "1849-08-10",
    "location": "Франция",
    "location_normalized": "Франция",
    "brief_context": "После революций 1848 года в Европе наблюдался рост популярности литературы, критикующей социальное неравенство и государственные структуры.",
    "information_source": "Личное прочтение романа «Парижские тайны»",
    "information_source_type": "Личные наблюдения и опыт автора",
    "confidence": "Low",
    "classification_confidence": "Low",
    "keywords": [
      "литературное влияние",
      "антиправительственные темы",
      "Весна народов",
      "роман",
      "идеология"
    ],
    "text_fragment": "именно сколько вышло подобных романов: «Лондонские тайны», «Брюссельские», «Берлинские», и, веро, будет и еще много других"
  }
]