[
  {
    "entry_id": 246,
    "event_id": "RU_REACTION_FOREIGN_INTERV",
    "event_name": "Военная интервенция (с уточнением региона)",
    "event_subtype_custom": "Венгрия",
    "description": "Автор упоминает, что Россия 'блистательно окончила свое дело', что исторически связано с военной интервенцией в Венгрии (1849 г.) для подавления революционного восстания. Это указывает на успешное завершение российских действий против революционных сил в регионе.",
    "date_in_text": null,
    "source_date": "1849-09-09",
    "location": "Венгрия",
    "location_normalized": "Венгрия",
    "brief_context": "В 1849 году российские войска под командованием князя Паскевича вмешались в Венгерскую революцию, обеспечив победу Австрии и подавление восстания.",
    "information_source": "Газеты",
    "information_source_type": "Официальные источники (газеты, манифесты)",
    "confidence": "High",
    "classification_confidence": "High",
    "keywords": [
      "Россия",
      "интервенция",
      "Венгрия",
      "мир в Европе",
      "Михаил Павлович"
    ],
    "text_fragment": "Россия блистательно окончила свое дело, и мир в Европе, быть может, воцарится, а если нет, будет буря великая, но нет, кажется, теперь присмиреют все, к тому же скоро зима."
  },
  {
    "entry_id": 246,
    "event_id": "REV1848_EUR_CONTEXT_NEWS",
    "event_name": "Распространение новостей/слухов о революциях",
    "event_subtype_custom": null,
    "description": "Автор отмечает, что изучал газеты, в которых сообщалось о смерти Михаила Павловича, что косвенно связано с освещением революционных событий в Европе через призму их последствий для международной обстановки.",
    "date_in_text": null,
    "source_date": "1849-09-09",
    "location": "Вологда",
    "location_normalized": null,
    "brief_context": "В 1848-1849 гг. российская провинциальная пресса активно освещала революционные события в Европе, часто подчеркивая роль России в их подавлении.",
    "information_source": "Газеты",
    "information_source_type": "Официальные источники (газеты, манифесты)",
    "confidence": "High",
    "classification_confidence": "High",
    "keywords": [
      "газеты",
      "новости",
      "революции",
      "Венгрия",
      "Михаил Павлович"
    ],
    "text_fragment": "После обеда читал газеты. Один номер вышел в трауре, в черной рамке, умер Михаил Павлович скоропостижно от удара..."
  },
  {
    "entry_id": 246,
    "event_id": "AUTHOR_PERCEPTION_OPINION_REFL",
    "event_name": "Размышления о политике, войне, обществе, будущем",
    "event_subtype_custom": null,
    "description": "Автор выражает философские размышления о цикличности событий и неопределенности будущего, что может отражать его восприятие нестабильности в Европе после революций 1848-1849 гг.",
    "date_in_text": null,
    "source_date": "1849-09-09",
    "location": "Вологда",
    "location_normalized": null,
    "brief_context": "Не указано",
    "information_source": "Личные размышления автора",
    "information_source_type": "Личные наблюдения и опыт автора",
    "confidence": "Medium",
    "classification_confidence": "Medium",
    "keywords": [
      "размышления",
      "жизнь",
      "вдохновение",
      "будущее",
      "неопределенность"
    ],
    "text_fragment": "Вот опять ты на новой жизни, новая сфера, и все тебе ново... Нет, жизнь не скучная проза, а упоительная поэзия..."
  }
]