[
  {
    "entry_id": 96,
    "event_id": "AUTHOR_PERCEPTION_OPINION_BIAS",
    "event_name": "Личные предубеждения/симпатии/антипатии автора (к нациям, группам, идеологиям)",
    "event_subtype_custom": null,
    "description": "Автор выражает негативное отношение к 'вольнодумству' и современной молодежи, которую он связывает с развратом и непочтительностью, противопоставляя их патриархальному семейству Витушетниковых. Это указывает на его консервативные предубеждения против либеральных идей, распространявшихся в Европе в 1848-1849 гг.",
    "date_in_text": null,
    "source_date": "1849-04-07",
    "location": "Вологда",
    "location_normalized": "Вологда",
    "brief_context": "В 1848-1849 гг. в Европе активно распространялись либеральные и националистические идеи, которые в российской провинции могли восприниматься как угроза традиционным ценностям.",
    "information_source": "Личные наблюдения и опыт автора",
    "information_source_type": "Личные наблюдения и опыт автора",
    "confidence": "High",
    "classification_confidence": "High",
    "keywords": [
      "вольнодумство",
      "молодежь",
      "патриархальность",
      "консерватизм",
      "критика"
    ],
    "text_fragment": "эти два высокие, здоровые, красавцы собой как кровь с молоком лет 27 мужчины нисколько непохожи на нынешних франтов купчиков и вообще на молодежь людей нашего века образованных и страшных вольнодумцев, людей нередко развратных"
  }
]