[
  {
    "entry_id": 51,
    "event_id": "RU_REACTION_RELIGIOUS_SERVICE",
    "event_name": "Официальные молебны (о начале войны, о победе и т.д.)",
    "event_subtype_custom": null,
    "description": "Автор описывает участие в церковном молебне с анафемами, который мог быть связан с религиозной реакцией на революционные события в Европе. Он отмечает торжественность обряда и эмоциональное впечатление от повторяющихся возгласов 'Анафема!' в контексте отступничества и измены.",
    "date_in_text": null,
    "source_date": "1849-02-20",
    "location": "Вологда",
    "location_normalized": "Вологда",
    "brief_context": "В Российской империи в ответ на революции 1848-1849 гг. проводились церковные службы с анафемами против революционных движений и их участников.",
    "information_source": "Личные наблюдения автора",
    "information_source_type": "Личные наблюдения и опыт автора",
    "confidence": "High",
    "classification_confidence": "High",
    "keywords": [
      "молебен",
      "анатема",
      "церковь",
      "революция",
      "контрреволюция"
    ],
    "text_fragment": "После обедни зашел домой, напился чаю, отправился в собор на проклятие, как говорят. [...] После чтения заповедей и «Славься, веры...» [...] началось проклятие всем отступникам, изменникам, и после каждого возгласа про то дьякон громко и протяжно возглашал: «А-на-фе-ма!» За ним весь собор священников троекратно повторял на распев анафемы. Это меня довольно поразило, да и, в самом деле, когда так торжественно человек отлучается и проклинается церковью, этого на земле, кажется, не может быть больше наказания."
  }
]