[
  {
    "entry_id": 220,
    "event_id": "REV1848_HUN_CAP",
    "event_name": "Капитуляция венгерской армии (Вилагош)",
    "event_subtype_custom": null,
    "description": "Автор упоминает капитуляцию венгерских мятежников перед русскими войсками, что соответствует историческому событию сдачи армии Венгрии в Вилагоше в августе 1849 года.",
    "date_in_text": "1849-08-14",
    "source_date": "1849-08-14",
    "location": "Венгрия",
    "location_normalized": "Венгрия",
    "brief_context": "В августе 1849 года армия Венгрии под командованием Артура Гёргея капитулировала перед русскими и австрийскими войсками в Вилагоше, что завершило подавление Венгерского восстания.",
    "information_source": "Газеты",
    "information_source_type": "Официальные источники (газеты, манифесты)",
    "confidence": "High",
    "classification_confidence": "High",
    "keywords": [
      "венгерцы",
      "капитуляция",
      "Россия",
      "война"
    ],
    "text_fragment": "Князь Варшавский разбил на голову венгерцев, предводитель мятежников изъявил желание положить оружие пред русскими, которым и сдается."
  },
  {
    "entry_id": 220,
    "event_id": "REV1848_HUN_RUS_INT",
    "event_name": "Российская интервенция",
    "event_subtype_custom": null,
    "description": "Упоминание о сдаче венгерских мятежников русским войскам указывает на участие Российской империи в интервенции против Венгерского восстания.",
    "date_in_text": "1849-08-14",
    "source_date": "1849-08-14",
    "location": "Венгрия",
    "location_normalized": "Венгрия",
    "brief_context": "Российская армия под командованием князя Паскевича вмешалась в конфликт в Венгрии в 1849 году, что стало ключевым фактором в подавлении восстания.",
    "information_source": "Газеты",
    "information_source_type": "Официальные источники (газеты, манифесты)",
    "confidence": "High",
    "classification_confidence": "High",
    "keywords": [
      "Россия",
      "интервенция",
      "венгерцы",
      "война"
    ],
    "text_fragment": "предводитель мятежников изъявил желание положить оружие пред русскими, которым и сдается."
  },
  {
    "entry_id": 220,
    "event_id": "RU_REACTION_SOCIAL_SECULAR_CELEB",
    "event_name": "Светские / Публичные торжества и празднования (салюты, парады, балы в честь побед)",
    "event_subtype_custom": "салют в Петербурге",
    "description": "Автор отмечает, что в Петербурге салют из 101 пушечного выстрела был дан в честь победы над венгерцами, что относится к официальным торжествам в Российской империи.",
    "date_in_text": "1849-08-14",
    "source_date": "1849-08-14",
    "location": "Петербург",
    "location_normalized": "Санкт-Петербург",
    "brief_context": "После подавления Венгерского восстания в Российской империи проводились официальные празднования, включая салюты и молебны, для демонстрации силы и стабильности монархии.",
    "information_source": "Газеты",
    "information_source_type": "Официальные источники (газеты, манифесты)",
    "confidence": "High",
    "classification_confidence": "High",
    "keywords": [
      "салют",
      "празднование",
      "Петербург",
      "победа"
    ],
    "text_fragment": "В Петербурге сто одним пушечным выстрелом возвещено было о победе, и было совершено молебствие."
  },
  {
    "entry_id": 220,
    "event_id": "RU_REACTION_RELIGIOUS_SERVICE",
    "event_name": "Официальные молебны (о начале войны, о победе и т.д.)",
    "event_subtype_custom": null,
    "description": "Упоминание молебствия в Петербурге в связи с победой над венгерцами указывает на религиозную реакцию Российской империи на подавление восстания.",
    "date_in_text": "1849-08-14",
    "source_date": "1849-08-14",
    "location": "Петербург",
    "location_normalized": "Санкт-Петербург",
    "brief_context": "После подавления Венгерского восстания в Российской империи проводились молебны как часть официальной реакции на победу.",
    "information_source": "Газеты",
    "information_source_type": "Официальные источники (газеты, манифесты)",
    "confidence": "High",
    "classification_confidence": "High",
    "keywords": [
      "молебствие",
      "религия",
      "победа",
      "Петербург"
    ],
    "text_fragment": "и было совершено молебствие."
  },
  {
    "entry_id": 220,
    "event_id": "AUTHOR_PERCEPTION_OPINION_REV",
    "event_name": "Выражение поддержки/осуждения революций/участников",
    "event_subtype_custom": "осуждение венгерского восстания",
    "description": "Автор прямо выражает мнение, что венгерское восстание обречено на провал, так как 'слабому не идти против сильного', что демонстрирует его негативное восприятие революционных движений.",
    "date_in_text": null,
    "source_date": "1849-08-14",
    "location": "Вологда",
    "location_normalized": "Вологда",
    "brief_context": "В провинциальной России восстания в Европе часто воспринимались как угроза стабильности, а их подавление — как оправданная мера.",
    "information_source": "Личные размышления автора",
    "information_source_type": "Личные наблюдения и опыт автора",
    "confidence": "High",
    "classification_confidence": "High",
    "keywords": [
      "венгерцы",
      "слабый против сильного",
      "авторское мнение"
    ],
    "text_fragment": "Должно быть, скоро компания кончится, иначе и не могло быть, плохо слабому идти против сильного."
  }
]