[
  {
    "entry_id": 177,
    "event_id": "REV1848_GER_AUS_GEN",
    "event_name": "Общие упоминания революции/войн в Германии/Австрии",
    "event_subtype_custom": null,
    "description": "Автор отмечает, что в Европе продолжаются военные конфликты, включая противостояние Пруссии и немецких государств, что указывает на революционные события в германских регионах.",
    "date_in_text": null,
    "source_date": "1849-07-01",
    "location": "Германские государства",
    "location_normalized": "Германия",
    "brief_context": "В 1848-1849 гг. в германских государствах происходили революции, направленные на создание единой конституционной Германии, подавленные монархическими режимами.",
    "information_source": "Газеты",
    "information_source_type": "Официальные источники (газеты, манифесты)",
    "confidence": "High",
    "classification_confidence": "High",
    "keywords": [
      "Пруссия",
      "немецкие государства",
      "революция",
      "война"
    ],
    "text_fragment": "В мире политическом дерутся на прополую, прусаки с немцами..."
  },
  {
    "entry_id": 177,
    "event_id": "REV1848_ITA_FRA_INT",
    "event_name": "Французская интервенция в Риме",
    "event_subtype_custom": null,
    "description": "Автор упоминает конфликт между французами и Римом, что напрямую связано с интервенцией Франции в Римской республике в 1849 году.",
    "date_in_text": null,
    "source_date": "1849-07-01",
    "location": "Рим",
    "location_normalized": "Италия",
    "brief_context": "В 1849 году французские войска вторглись в Рим для восстановления власти Папы Римского после провозглашения Римской республики.",
    "information_source": "Газеты",
    "information_source_type": "Официальные источники (газеты, манифесты)",
    "confidence": "High",
    "classification_confidence": "High",
    "keywords": [
      "Франция",
      "Рим",
      "интервенция",
      "революция"
    ],
    "text_fragment": "французы с Римом..."
  },
  {
    "entry_id": 177,
    "event_id": "REV1848_ITA_AUS_SAR",
    "event_name": "Австро-сардинская война (Первая война за независимость)",
    "event_subtype_custom": null,
    "description": "Упоминание о противостоянии австрийцев с итальянцами указывает на продолжение Австро-сардинской войны, связанной с итальянскими национальными движениями.",
    "date_in_text": null,
    "source_date": "1849-07-01",
    "location": "Италия",
    "location_normalized": "Италия",
    "brief_context": "Австро-сардинская война (1848-1849) была частью итальянских революций, направленных на объединение страны и изгнание австрийцев.",
    "information_source": "Газеты",
    "information_source_type": "Официальные источники (газеты, манифесты)",
    "confidence": "High",
    "classification_confidence": "High",
    "keywords": [
      "Австрия",
      "Италия",
      "война",
      "национальные движения"
    ],
    "text_fragment": "австрийцы с итальянцами..."
  },
  {
    "entry_id": 177,
    "event_id": "REV1848_HUN_RUS_MIL",
    "event_name": "Военные действия (Россия против Венгрии)",
    "event_subtype_custom": null,
    "description": "Автор констатирует, что российские войска продвигаются к Дербечину и столицам Венгрии, что напрямую связано с интервенцией России в Венгерском восстании.",
    "date_in_text": null,
    "source_date": "1849-07-01",
    "location": "Венгрия",
    "location_normalized": "Венгрия",
    "brief_context": "В 1849 году российские войска под командованием паскевича вторглись в Венгрию для подавления революционного правительства, что завершилось капитуляцией венгерских сил в Вилагоше.",
    "information_source": "Газеты",
    "information_source_type": "Официальные источники (газеты, манифесты)",
    "confidence": "High",
    "classification_confidence": "High",
    "keywords": [
      "Россия",
      "Венгрия",
      "интервенция",
      "война"
    ],
    "text_fragment": "Россия победоносно идет к Дербечину и столицам Венгрии."
  },
  {
    "entry_id": 177,
    "event_id": "REV1848_HUN_GEN",
    "event_name": "Общие упоминания восстания/войны в Венгрии",
    "event_subtype_custom": null,
    "description": "Упоминание о противостоянии австрийцев с мадьярами указывает на Венгерское восстание 1848-1849 гг., подавленное при участии России.",
    "date_in_text": null,
    "source_date": "1849-07-01",
    "location": "Венгрия",
    "location_normalized": "Венгрия",
    "brief_context": "Венгерское восстание (1848-1849) было частью общеевропейских революций, направленной на независимость Венгрии от Австрии, но подавленной российской интервенцией.",
    "information_source": "Газеты",
    "information_source_type": "Официальные источники (газеты, манифесты)",
    "confidence": "High",
    "classification_confidence": "High",
    "keywords": [
      "Австрия",
      "Венгрия",
      "мадьяры",
      "восстание"
    ],
    "text_fragment": "австрийцы с итальянцами и мадьярами..."
  }
]