[
  {
    "entry_id": 144,
    "event_id": null,
    "event_name": "Не классифицировано",
    "event_subtype_custom": null,
    "description": "Запись не содержит прямых упоминаний о революциях 1848-1849 гг. или их восприятия. Фраза 'Та же история' слишком неопределённа для интерпретации в контексте революционных событий.",
    "date_in_text": null,
    "source_date": "1849-05-29",
    "location": "Не указано",
    "location_normalized": null,
    "brief_context": "Не указано",
    "information_source": "Не указан",
    "information_source_type": "Источник неясен/не указан",
    "confidence": "Low",
    "classification_confidence": "Low",
    "keywords": [
      "неопределённая фраза",
      "отсутствие информации",
      "провинциальная запись"
    ],
    "text_fragment": "29 мая. Воскресенье. Та же история."
  }
]