[
  {
    "entry_id": 124,
    "event_id": "RU_REACTION_FOREIGN_MANIFEST",
    "event_name": "Манифесты о вмешательстве / войне",
    "event_subtype_custom": null,
    "description": "Автор упоминает официальный манифест о начале военных действий против венгерцев и поляков, который был опубликован в 'Петербургских Ведомостях'. Это связано с российской интервенцией в Венгрии и Польше в контексте революций 1848-1849 гг.",
    "date_in_text": null,
    "source_date": "1849-05-05",
    "location": "Венгрия, Польша",
    "location_normalized": "Венгрия, Польша",
    "brief_context": "В 1848-1849 гг. Россия активно участвовала в подавлении революций в Венгрии и Польше, что подтверждается официальными манифестами и военной интервенцией.",
    "information_source": "Петербургские Ведомости",
    "information_source_type": "Официальные источники (газеты, манифесты)",
    "confidence": "High",
    "classification_confidence": "High",
    "keywords": [
      "манифест",
      "военные действия",
      "венгерцы",
      "поляки"
    ],
    "text_fragment": "В Петербургских Ведомостях напечатан «Высочайший Манифест» о начале военных действий против венгерцев и поляков."
  },
  {
    "entry_id": 124,
    "event_id": "REV1848_OTH_POL",
    "event_name": "Польские участники в европейских революциях",
    "event_subtype_custom": null,
    "description": "Автор прямо утверждает, что поляки были ключевыми организаторами мятежей в Западной Европе, ссылаясь на их роль в восстаниях 1831 года и текущих событиях 1848-1849 гг.",
    "date_in_text": null,
    "source_date": "1849-05-05",
    "location": "Западная Европа",
    "location_normalized": "Западная Европа",
    "brief_context": "Польские эмигранты и националисты действительно участвовали в революциях 1848 года в разных странах, включая Австрию, Францию и Италию.",
    "information_source": "Петербургские Ведомости",
    "information_source_type": "Официальные источники (газеты, манифесты)",
    "confidence": "High",
    "classification_confidence": "High",
    "keywords": [
      "поляки",
      "мятеж",
      "революция",
      "предводители"
    ],
    "text_fragment": "Теперь можно видеть и догадываться немного, что весь мятеж в Западной Европе едва ли не есть дело поляков, везде они являются в числе главных предводителей бунтовщиков."
  },
  {
    "entry_id": 124,
    "event_id": "RU_REACTION_SOCIAL_FEAR",
    "event_name": "Страхи / Опасения перед революцией/беспорядками",
    "event_subtype_custom": null,
    "description": "Автор передает страх вологжан перед возможными пожарами и заговорами, связанными с революционной активностью поляков, и упоминает панические слухи осени 1848 года о планах сжечь Вологду.",
    "date_in_text": null,
    "source_date": "1849-05-05",
    "location": "Вологда",
    "location_normalized": "Вологда",
    "brief_context": "В 1848-1849 гг. в России усилились страхи перед распространением революционных идей и диверсиями, особенно в связи с польским восстанием 1830-1831 гг. и текущими событиями в Европе.",
    "information_source": "Слухи, разговоры в обществе",
    "information_source_type": "Неофициальные сведения (слухи, разговоры в обществе)",
    "confidence": "High",
    "classification_confidence": "High",
    "keywords": [
      "страхи",
      "заговор",
      "пожары",
      "поляки"
    ],
    "text_fragment": "Не даром осенью в прошедшем году говорили что поляки хотят сжечь Вологду, а глас народа, глас Бога. Много тогда выгорело губернских городов, говорили тогда множество историй и нелепых и довольно правдоподобных..."
  },
  {
    "entry_id": 124,
    "event_id": "AUTHOR_PERCEPTION_EMO_ANGER",
    "event_name": "Гнев, возмущение, ненависть",
    "event_subtype_custom": null,
    "description": "Автор выражает личное возмущение по поводу действий поляков, желая им жестокого наказания, и называет их источником постоянных беспокойств.",
    "date_in_text": null,
    "source_date": "1849-05-05",
    "location": "Вологда",
    "location_normalized": "Вологда",
    "brief_context": "Не указано",
    "information_source": "Личные размышления автора",
    "information_source_type": "Личные наблюдения и опыт автора",
    "confidence": "High",
    "classification_confidence": "High",
    "keywords": [
      "гнев",
      "ненависть",
      "поляки",
      "бунты"
    ],
    "text_fragment": "Зададут им потасовку, да так и надо этих всех бы поляков перевешать, как скотов, нет просто покою беспрестанно, то и дело что бунты да заговоры."
  },
  {
    "entry_id": 124,
    "event_id": "AUTHOR_PERCEPTION_OPINION_BIAS",
    "event_name": "Личные предубеждения/симпатии/антипатии автора",
    "event_subtype_custom": null,
    "description": "Автор демонстрирует явное предубеждение против поляков, считая их виновными в революционных беспорядках и поджогах, что отражает ксенофобские настроения.",
    "date_in_text": null,
    "source_date": "1849-05-05",
    "location": "Вологда",
    "location_normalized": "Вологда",
    "brief_context": "Не указано",
    "information_source": "Личные размышления автора",
    "information_source_type": "Личные наблюдения и опыт автора",
    "confidence": "High",
    "classification_confidence": "High",
    "keywords": [
      "предубеждение",
      "антипатия",
      "поляки",
      "заговоры"
    ],
    "text_fragment": "Не даром осенью в прошедшем году говорили что поляки хотят сжечь Вологду, а глас народа, глас Бога. Много тогда выгорело губернских городов..."
  }
]