[
  {
    "entry_id": 219,
    "event_id": "AUTHOR_PERCEPTION_OPINION_BIAS",
    "event_name": "Личные предубеждения/симпатии/антипатии автора (к нациям, группам, идеологиям)",
    "event_subtype_custom": null,
    "description": "Автор критически отзывается о вольнодумстве Белецкого, называя его 'старыми песнями' и подчеркивая, что не разделяет его взглядов, что указывает на личное предубеждение против либеральных идей, связанных с революциями 1848-1849 гг.",
    "date_in_text": null,
    "source_date": "1849-08-13",
    "location": "Вологда",
    "location_normalized": "Российская империя",
    "brief_context": "Вольнодумство в России XIX века часто ассоциировалось с западными революционными идеями, особенно после Весны народов 1848 года.",
    "information_source": "Конкретное лицо (Белецкий)",
    "information_source_type": "Информация от конкретного лица (именованный источник)",
    "confidence": "Medium",
    "classification_confidence": "High",
    "keywords": [
      "вольнодумство",
      "предубеждение",
      "Белецкий",
      "идеологии",
      "критика"
    ],
    "text_fragment": "молодой человек довольно ученый, умный но кажется нынешнего века, вольнодумен, я немного с ним познакомился по обыкновению советует ехать в университет учится то есть старые песни слыхали мы и не от его одного всякий говорит и советует мне это а не знает что я"
  },
  {
    "entry_id": 219,
    "event_id": "RU_REACTION_INTERNAL_EXILE",
    "event_name": "Ссылка / Каторга по политическим мотивам (Петрашевцы и др.)",
    "event_subtype_custom": null,
    "description": "Упоминание о сосланном под надзор полиции учителе истории Белецком, что может быть связано с репрессиями в России в ответ на распространение революционных идей 1848-1849 гг.",
    "date_in_text": null,
    "source_date": "1849-08-13",
    "location": "Вологда",
    "location_normalized": "Российская империя",
    "brief_context": "После революций 1848 года в Европе российская власть усилила репрессии против лиц, подозреваемых в распространении либеральных идей.",
    "information_source": "Личное наблюдение автора",
    "information_source_type": "Личные наблюдения и опыт автора",
    "confidence": "Medium",
    "classification_confidence": "Medium",
    "keywords": [
      "ссылка",
      "Белецкий",
      "полицейский надзор",
      "репрессии",
      "вольнодумство"
    ],
    "text_fragment": "Был я еще у Корелкина на этот раз застал его дома, к нему тут пришел сосланный сюда под надзор полиции учитель р. истории в первом кадетском корпусе, Белецкий"
  }
]