[
  {
    "entry_id": 176,
    "event_id": "RU_REACTION_INTERNAL_ARRESTS",
    "event_name": "Аресты / Следствия / Суды по политическим делам (Петрашевцы и др.)",
    "event_subtype_custom": null,
    "description": "Автор упоминает о заговоре в Петербурге, связанном с арестами 70 человек тайной полицией, включая студентов университета, и повешением шести участников. Это отражает репрессивные меры российской власти в ответ на революционную активность, характерную для контекста 1848-1849 гг.",
    "date_in_text": null,
    "source_date": "1849-06-30",
    "location": "Петербург",
    "location_normalized": "Санкт-Петербург",
    "brief_context": "В 1849 году в Российской империи усилились репрессии против революционных движений, включая аресты участников петрашевского кружка, который ассоциировался с либеральными и социалистическими идеями, распространявшимися в Европе в 1848 году.",
    "information_source": "Слухи от студентов, переданные Зарляндом",
    "information_source_type": "Неофициальные сведения (слухи, разговоры в обществе)",
    "confidence": "High",
    "classification_confidence": "High",
    "keywords": [
      "заговор",
      "Петербург",
      "студенты",
      "тайная полиция",
      "повешение"
    ],
    "text_fragment": "Особенно кажется не об чем не говорили, да сказывал (а он сам слышал это от студентов) в Петербурге открыт был заговор, 70 человек и все они в два дня были забраны тайной полицией... шесть из них были повешены, прочие должно быть в Сибири."
  },
  {
    "entry_id": 176,
    "event_id": "RU_REACTION_INTERNAL_EDU",
    "event_name": "Усиление контроля над образованием / университетами",
    "event_subtype_custom": null,
    "description": "Упоминание о намерении преобразовать Петербургский университет в связи с участием студентов в заговоре указывает на реакцию российской власти на революционные события в Европе, направленную на подавление либеральных и оппозиционных настроений в академической среде.",
    "date_in_text": null,
    "source_date": "1849-06-30",
    "location": "Петербург",
    "location_normalized": "Санкт-Петербург",
    "brief_context": "После революций 1848-1849 в Европе российское правительство усилило контроль над университетами, опасаясь распространения радикальных идей среди студентов.",
    "information_source": "Слухи от студентов, переданные Зарляндом",
    "information_source_type": "Неофициальные сведения (слухи, разговоры в обществе)",
    "confidence": "High",
    "classification_confidence": "High",
    "keywords": [
      "университет",
      "реформа",
      "студенты",
      "заговор",
      "контроль"
    ],
    "text_fragment": "поэтому теперь и назначено преобразовать весь университет"
  }
]