[
  {
    "entry_id": 188,
    "event_id": "REV1848_HUN_RUS_MIL",
    "event_name": "Военные действия (Россия против Венгрии)",
    "event_subtype_custom": null,
    "description": "Автор упоминает о российской интервенции в Венгрии, отмечая, что русские войска продвигаются вперед, а Дербечин (предположительно Дебрецен) был взят без сопротивления, что указывает на активную фазу военных действий России против венгерских революционеров.",
    "date_in_text": null,
    "source_date": "1849-07-12",
    "location": "Венгрия",
    "location_normalized": "Венгрия",
    "brief_context": "В 1849 году российские войска под командованием паскевича вмешались в венгерское восстание, что привело к его подавлению и восстановлению австрийской власти.",
    "information_source": "Не указано",
    "information_source_type": "Официальные источники (газеты, манифесты)",
    "confidence": "High",
    "classification_confidence": "High",
    "keywords": [
      "Венгрия",
      "Россия",
      "военные действия",
      "интервенция",
      "Дербечин"
    ],
    "text_fragment": "В Венгрии война в самом разгаре Дербечин взят без выстрела русские идут все вперед и теперь вся Европа смотрит на эту войну"
  },
  {
    "entry_id": 188,
    "event_id": "RU_REACTION_INTERNAL_CENS",
    "event_name": "Усиление цензуры",
    "event_subtype_custom": null,
    "description": "Автор отмечает, что цензура в России стала крайне строгой, из-за чего многие статьи в журналах искажаются или не публикуются, что подтверждается примером с повестью Николая Иваницкого «Натальин день».",
    "date_in_text": null,
    "source_date": "1849-07-12",
    "location": "Российская империя",
    "location_normalized": "Российская империя",
    "brief_context": "После подавления революций 1848-1849 гг. в Европе российское правительство усилило цензурные меры для предотвращения распространения революционных идей внутри империи.",
    "information_source": "Корелкин",
    "information_source_type": "Информация от конкретного лица (именованный источник)",
    "confidence": "High",
    "classification_confidence": "High",
    "keywords": [
      "цензура",
      "журналы",
      "Иваницкий",
      "Корелкин",
      "строгие меры"
    ],
    "text_fragment": "Корелкин сказывал что и Ник. Иваницкого повесть «Натальин день» совершенно искажена, слово «чиновник» заменяется — «один молодой человек» и так проч. Верно боится правительство чего-нибудь но такими строгими мерами цензуры многие не очень довольны особенно кажется редакторы журналов"
  },
  {
    "entry_id": 188,
    "event_id": "REV1848_HUN_GEN",
    "event_name": "Общие упоминания восстания/войны в Венгрии",
    "event_subtype_custom": null,
    "description": "Автор косвенно ссылается на Венгерское восстание как на событие, которое стало центральным для европейской политики, отмечая, что «теперь вся Европа смотрит на эту войну».",
    "date_in_text": null,
    "source_date": "1849-07-12",
    "location": "Венгрия",
    "location_normalized": "Венгрия",
    "brief_context": "Венгерское восстание 1848-1849 гг. было частью общеевропейской революционной волны и завершилось подавлением с помощью российской интервенции.",
    "information_source": "Не указано",
    "information_source_type": "Официальные источники (газеты, манифесты)",
    "confidence": "High",
    "classification_confidence": "High",
    "keywords": [
      "Венгрия",
      "война",
      "европейский интерес",
      "восстание",
      "репрессии"
    ],
    "text_fragment": "В Венгрии война в самом разгаре Дербечин взят без выстрела русские идут все вперед и теперь вся Европа смотрит на эту войну"
  }
]